,misspecified_reward_mean,misspecified_reward_stderr,true_utility_mean,true_utility_stderr,buffer_size,batch_size,kl_divergence_target,gamma,reward_cap,t_inv_sample,t_inv_deploy,kl_divergence_coefficient,variable_t_inv,q_cap,misspecified_reward
0,7.5073333333333325,0.11529720050566904,7.397333333333333,0.16600234268761932,1000000,1024,,0.99,,0.07692307692307693,0.007692307692307693,,False,,13
0,7.287,0.06672580710140054,7.2139999999999995,0.06460908088909299,1000000,1024,,0.99,,0.07692307692307693,0.015384615384615385,,False,,13
0,7.493666666666666,0.18458090668081342,7.462666666666666,0.18481101458276522,1000000,1024,,0.99,,0.07692307692307693,0.038461538461538464,,False,,13
0,8.646333333333333,0.40356343298723746,4.406333333333333,1.7205361890346211,1000000,1024,,0.99,,0.07692307692307693,0.07692307692307693,,False,,13
0,11.530333333333333,0.11048730444917391,0.347,0.06602272336097625,1000000,1024,,0.99,,0.07692307692307693,0.11538461538461539,,False,,13
0,11.495,0.33964883826289394,0.8396666666666667,0.5391673621839924,1000000,1024,,0.99,,0.07692307692307693,0.15384615384615385,,False,,13
0,12.019333333333334,0.1449256514370192,0.22066666666666665,0.0407035352000017,1000000,1024,,0.99,,0.07692307692307693,0.23076923076923078,,False,,13
0,10.604000000000001,1.8160008259910017,1.6529999999999998,1.4584114645736985,1000000,1024,,0.99,,0.07692307692307693,0.38461538461538464,,False,,13
