,misspecified_reward_mean,misspecified_reward_stderr,true_utility_mean,true_utility_stderr,buffer_size,batch_size,kl_divergence_target,gamma,reward_cap,t_inv_sample,t_inv_deploy,kl_divergence_coefficient,variable_t_inv,q_cap,misspecified_reward
0,7.561333333333333,0.09166848483045384,7.499666666666666,0.0952441307611363,1000000,1024,,0.99,,0.07692307692307693,0.007692307692307693,auto,False,,13
0,7.462666666666666,0.23493710742333665,7.391333333333333,0.2521998766410837,1000000,1024,,0.99,,0.07692307692307693,0.015384615384615385,auto,False,,13
0,7.478000000000001,0.25123959348266206,7.408,0.28267354551378393,1000000,1024,,0.99,,0.07692307692307693,0.038461538461538464,auto,False,,13
0,7.657,0.47926923539906036,7.573,0.5423415283134174,1000000,1024,,0.99,,0.07692307692307693,0.07692307692307693,auto,False,,13
0,8.471333333333332,0.2086083518089448,8.401000000000002,0.18250205478295345,1000000,1024,,0.99,,0.07692307692307693,0.11538461538461539,auto,False,,13
0,8.688666666666666,0.30574844416793234,7.753333333333333,0.36967388030232506,1000000,1024,,0.99,,0.07692307692307693,0.15384615384615385,auto,False,,13
0,11.621666666666664,0.23820602660535506,1.4023333333333332,0.6010358650788745,1000000,1024,,0.99,,0.07692307692307693,0.23076923076923078,auto,False,,13
0,10.131333333333332,2.246930968627603,1.8023333333333333,1.3826719704173431,1000000,1024,,0.99,,0.07692307692307693,0.38461538461538464,auto,False,,13
